Manufacturer,Model Number,Model Name,NBD Code,X-ray ID,Serial ID,Connectors RA,Connectors RV,Connectors HV,Detach Tool,HV Waveform,Replacement Indicator,,,,,,,,,,,,
"Biotronick, Inc.",114 871,Phylax 03,VVEV,PE,,None,IS-1 BI,DF-1 (3 ports),#2,Mono/Biphasic,Indicated by programmer,,,,,,,,,,,,
"Biotronick, Inc.",118 748,Phylax 06,VVEV,CS,,None,IS-1 BI,DF-1 (3 ports),#2,Mono/Biphasic,Indicated by programmer,,,,,,,,,,,,
"Biotronick, Inc.",118 862,Phylax 06,VVEV,CS,,None,IS-1 BI,DF-1 (2 ports),#2,Mono/Biphasic,Indicated by programmer,,,,,,,,,,,,
"Biotronick, Inc.",121 001,Phylax AV,VVED,PF,,IS-1 BI,IS-1 BI,DF-1 (2 ports),#2,,Indicated by programmer,,,,,,,,,,,,
"Biotronick, Inc.",121 162,Phylax XM,VVEV,CR,,None,4.75 mm Bif,6.1 mm (2 ports),#2,,Indicated by programmer,,,,,,,,,,,,
"Biotronick, Inc.",121 491,Phylax XM,VVEV,CR,,None,IS-1 BI,DF-1 (2 ports),#2,,Indicated by programmer,,,,,,,,,,,,
"Biotronick, Inc.",121 492,Phylax XM,VVEV,CR,,None,IS-1 BI,DF-1 (2 ports),#2,,Indicated by programmer,,,,,,,,,,,,
"Biotronick, Inc.",121 493,MycroPhylax,VVEV,CZ,,None,IS-1 BI,DF-1 (2 ports),#2,,Indicated by programmer,,,,,,,,,,,,
"Biotronick, Inc.",121 737,Phylax 06,VVEV,CS,,None,4.75 mm Bif,6.1 mm (2 ports),#2,,Indicated by programmer,,,,,,,,,,,,
"Biotronick, Inc.",122 331,MycroPhylax,VVEV,CZ,,None,IS-1 BI,DF-1 (2 ports),#2,,Indicated by programmer,,,,,,,,,,,,
"Biotronick, Inc.",122 382,Phylax AV,VVED,PF,,IS-1 BI,IS-1 BI,DF-1 (2 ports),#2,,Indicated by programmer,,,,,,,,,,,,
"Biotronick, Inc.",122 499,Tachos Atrial-Tx,VVED,EV,,IS-1 BI,IS-1 BI,DF-1 (2 ports),#2,Biphasic,Indicated by programmer,,,,,,,,,,,,
"Biotronick, Inc.",126 086,Mycro Phylax BT,VVEV,CZ,,None,IS-1 BI,DF-1 (2 ports),#2,Mono/Biphasic,Indicated by programmer,,,,,,,,,,,,
"Biotronick, Inc.",330 444,Belos VR,VVEV,FA,,None,IS-1 BI,DF-1 (2 ports),#2,Biphasic,Indicated by programmer,,,,,,,,,,,,
"Biotronick, Inc.",330 649,Mycro Phylax Plus BT,VVEV,CZ,,None,IS-1 BI,DF-1 (2 ports),#2,Mono/Biphasic,Indicated by programmer,,,,,,,,,,,,
"Biotronick, Inc.",331 135,Belos VR-T,VVEV,FA,,None,IS-1 BI,DF-1 (2 ports),#2,Biphasic,Indicated by programmer,,,,,,,,,,,,
"Biotronick, Inc.",334 341,Deikos A+,DDED,EV,,IS-1 BI,IS-1 BI,DF-1 (2 ports),#2,Biphasic,Indicated by programmer,,,,,,,,,,,,
"Biotronick, Inc.",335 572,Tachos DR,VVED,EV,,IS-1 BI,IS-1 BI,DF-1 (2 ports),#2,Biphasic,Indicated by programmer,,,,,,,,,,,,
"Biotronick, Inc.",338 170,Belos DR,VVED,FA,,IS-1 BI,IS-1 BI,DF-1 (2 ports),#2,Biphasic,Indicated by programmer,,,,,,,,,,,,
"Biotronick, Inc.",338 171,Belos DR-T,VVED,FA,,IS-1 BI,IS-1 BI,DF-1 (2 ports),#2,Biphasic,Indicated by programmer,,,,,,,,,,,,
"Biotronick, Inc.",338 172,Belos A+,VVEV,FA,,IS-1 BI,IS-1 BI,DF-1 (2 ports),#2,Biphasic,Indicated by programmer,,,,,,,,,,,,
"Biotronick, Inc.",338 173,Belos A+/T,VVEV,FA,,IS-1 BI,IS-1 BI,DF-1 (2 ports),#2,Biphasic,Indicated by programmer,,,,,,,,,,,,
"Biotronick, Inc.",341 517,Cardiac Airbag-T,VVEV,EI,,None,IS-1 BI,DF-1 (2 ports),#2,Biphasic,Indicated by programmer,,,,,,,,,,,,
"Biotronick, Inc.",342 873,Belos VR,VVEV,FA,,None,IS-1 BI,DF-1 (2 ports),#2,Biphasic,Indicated by programmer,,,,,,,,,,,,
"Biotronick, Inc.",345 424,Cardiac Airbag,VVEV,EI,,None,IS-1 BI,DF-1 (2 ports),#2,Biphasic,Indicated by programmer,,,,,,,,,,,,
"Biotronick, Inc.",346 998,Lexos VR,VVEV,,,None,IS-1 BI,DF-1 (2 ports),#2,Biphasic,Indicated by programmer,,,,,,,,,,,,
"Biotronick, Inc.",346 999,Lexos VR - T,VVEV,,,None,IS-1 BI,DF-1 (2 ports),#2,Biphasic,Indicated by programmer,,,,,,,,,,,,
"Biotronick, Inc.",347 000,Lexos DR,DDED,,,IS-1 BI,IS-1 BI,DF-1 (2 ports),#2,Biphasic,Indicated by programmer,,,,,,,,,,,,
"Biotronick, Inc.",347 001,Lexos DR - T,DDED,,,IS-1 BI,IS-1 BI,DF-1 (2 ports),#2,Biphasic,Indicated by programmer,,,,,,,,,,,,
"Biotronick, Inc.",350 822,Xelos DR-T,VVED,FC,,IS-1 BI,IS-1 BI,DF-1 (2 ports),#2,Biphasic,Indicated by programmer,,,,,,,,,,,,
"Biotronick, Inc.",353 219,Lumos VR-T,VVEV,LT,,None,IS-1 BI,DF-1 (2 ports),#2,Biphasic,Indicated by programmer,,,,,,,,,,,,
"Biotronick, Inc.",353 220,Lumos DR-T,VVED,LT,,IS-1 BI,IS-1 BI,DF-1 (2 ports),#2,Biphasic,Indicated by programmer,,,,,,,,,,,,
"Biotronick, Inc.",MycroPhylax XM HC,MycroPhylax XM HC,VVEV,,,None,IS-1 BI,DF-1 (2 ports),#2,Mono/Biphasic,Indicated by programmer,,,,,,,,,,,,
"ELA Medical, Inc.",612,Defender IV (DR),VVED,ela612,,IS-1 BI,IS-1 BI,DF-1 (2 ports),#2,Biphasic,Battery Voltage ? 4.9 V Magnet Rate ? 80 ppm Programmer Indicates ERI,,,,,,,,,,,,
"ELA Medical, Inc.",614,Alto DR,VVED,ela614,,IS-1 BI,IS-1 BI,DF-1 (2 ports),#2,Biphasic,Battery Voltage ? 4.86 V Magnet Rate ? 80 ppm Programmer Indicates ERI,,,,,,,,,,,,
"ELA Medical, Inc.",615,Alto VR,VVED,ela615,,IS-1 BI,IS-1 BI,DF-1 (2 ports),#2,Biphasic,Battery Voltage ? 4.86 V Magnet Rate ? 80 ppm Programmer Indicates ERI,,,,,,,,,,,,
"ELA Medical, Inc.",624,Alto 2 DR,VVED,ela624,,IS-1 BI,IS-1 BI,DF-1 (2 ports),#2,Biphasic,Battery Voltage ? 4.86 V Magnet Rate ? 80 ppm Programmer Indicates ERI,,,,,,,,,,,,
"ELA Medical, Inc.",625,Alto 2 VR,VVED,ela625,,IS-1 BI,IS-1 BI,DF-1 (2 ports),#2,Biphasic,Battery Voltage ? 4.86 V Magnet Rate ? 80 ppm Programmer Indicates ERI,,,,,,,,,,,,
"ELA Medical, Inc.",6250,Ovatio VR,VVEV,,,None,IS-1 BI,DF-1 (2 ports),#2,Biphasic,,,,,,,,,,,,,
"ELA Medical, Inc.",6550,Ovatio DR,VVED,,,IS-1 BI,IS-1 BI,DF-1 (2 ports),#2,Biphasic,,,,,,,,,,,,,
"ELA Medical, Inc.",9201,Defender II,VVED,ELA9201,,IS-1 BI,IS-1 BI,DF-1 (2 ports),#2,Mono/Biphasic,Battery Voltage ? 4.9 V Magnet Rate ? 80 ppm Programmer Indicates ERI,,,,,,,,,,,,
"ELA Medical, Inc.",9301,Defender III,VVED,ELA9302,,IS-1 BI,IS-1 BI,DF-1 (2 ports),#2,Mono/Biphasic,Battery Voltage ? 4.9 V Magnet Rate ? 80 ppm Programmer Indicates ERI,,,,,,,,,,,,
Guidant Corp.,1740,Ventak Mini,VVEV,CPI 1740,,None,IS-1 BI,DF-1 (3 ports),#2,Mono/Biphasic,2nd Charge Time ? 18 sec. Or Battery Voltage ? 2.45 V Programmer Indicates ERI,,,,,,,,,,,,
Guidant Corp.,1741,Ventak Mini+,VVEV,CPI 1741,,None,IS-1 BI,DF-1 (3 ports),#2,Mono/Biphasic,2nd Charge Time ? 18 sec. Or Battery Voltage ? 2.45 V Programmer Indicates ERI,,,,,,,,,,,,
Guidant Corp.,1742,Ventak Mini HC,VVEV,CPI 1742,,None,IS-1 BI,DF-1 (3 ports),#2,Mono/Biphasic,2nd Charge Time ? 18 sec. Or Battery Voltage ? 2.45 V Programmer Indicates ERI,,,,,,,,,,,,
Guidant Corp.,1743,Ventak Mini+ HC,VVEV,CPI 1743,,None,IS-1 BI,DF-1 (3 ports),#2,Mono/Biphasic,2nd Charge Time ? 18 sec. Or Battery Voltage ? 2.45 V Programmer Indicates ERI,,,,,,,,,,,,
Guidant Corp.,1745,Ventak Mini,VVEV,CPI 1745,,None,4.75 mm Bif,6.1 mm (2 ports),#2,Mono/Biphasic,2nd Charge Time ? 18 sec. Or Battery Voltage ? 2.45 V Programmer Indicates ERI,,,,,,,,,,,,
Guidant Corp.,1746,Ventak Mini+,VVEV,CPI 1746,,None,4.75 mm Bif,6.1 mm (2 ports),#2,Mono/Biphasic,2nd Charge Time ? 18 sec. Or Battery Voltage ? 2.45 V Programmer Indicates ERI,,,,,,,,,,,,
Guidant Corp.,1748,Ventak Mini HE,VVEV,CPI 1748,,None,IS-1 BI,DF-1 (3 ports),#2,Mono/Biphasic,2nd Charge Time ? 18 sec. Or Battery Voltage ? 2.45 V Programmer Indicates ERI,,,,,,,,,,,,
Guidant Corp.,1749,Ventak Mini HE,VVEV,CPI 1749,,None,4.75 mm Bif,6.1 mm (2 ports),#2,Mono/Biphasic,2nd Charge Time ? 18 sec. Or Battery Voltage ? 2.45 V Programmer Indicates ERI,,,,,,,,,,,,
Guidant Corp.,1752,Ventak Mini II,VVEV,CPI 1752,,None,IS-1 BI,DF-1 (3 ports),#2,Mono/Biphasic,2nd Charge Time ? 18 sec. Or Battery Voltage ? 2.45 V Programmer Indicates ERI,,,,,,,,,,,,
Guidant Corp.,1753,Ventak Mini II+,VVEV,CPI 1753,,None,IS-1 BI,DF-1 (3 ports),#2,Mono/Biphasic,2nd Charge Time ? 18 sec. Or Battery Voltage ? 2.45 V Programmer Indicates ERI,,,,,,,,,,,,
Guidant Corp.,1762,Ventak Mini II,VVEV,CPI 1762,,None,IS-1 BI,DF-1 (3 ports),#2,Mono/Biphasic,2nd Charge Time ? 18 sec. Or Battery Voltage ? 2.45 V Programmer Indicates ERI,,,,,,,,,,,,
Guidant Corp.,1763,Ventak Mini II+,VVEV,CPI 1763,,None,IS-1 BI,DF-1 (3 ports),#2,Mono/Biphasic,2nd Charge Time ? 18 sec. Or Battery Voltage ? 2.45 V Programmer Indicates ERI,,,,,,,,,,,,
Guidant Corp.,1772,Ventak Mini III,VVEV,CPI101,,None,IS-1 BI,DF-1 (3 ports),#2,Mono/Biphasic,2nd Charge Time ? 18 sec. Or Battery Voltage ? 2.45 V Programmer Indicates ERI,,,,,,,,,,,,
Guidant Corp.,1773,Ventak Mini III+,VVEV,CPI101,,None,IS-1 BI,DF-1 (3 ports),#2,Mono/Biphasic,2nd Charge Time ? 18 sec. Or Battery Voltage ? 2.45 V Programmer Indicates ERI,,,,,,,,,,,,
Guidant Corp.,1774,Ventak VR,VVEV,CPI105,,None,IS-1 BI,DF-1 (3 ports),#2,Mono/Biphasic,2nd Charge Time ? 20 sec. Or Battery Voltage ? 4.90 V Programmer Indicates ERI,,,,,,,,,,,,
Guidant Corp.,1775,Ventak VR,VVEV,CPI105,,None,4.75 mm Bif,6.1 mm (2 ports),#2,Mono/Biphasic,2nd Charge Time ? 20 sec. Or Battery Voltage ? 4.90 V Programmer Indicates ERI,,,,,,,,,,,,
Guidant Corp.,1776,Ventak Mini III+,VVEV,CPI101,,None,4.75 mm Bif,6.1 mm (2 ports),#2,Mono/Biphasic,2nd Charge Time ? 18 sec. Or Battery Voltage ? 2.45 V Programmer Indicates ERI,,,,,,,,,,,,
Guidant Corp.,1782,Ventak Mini III,VVEV,CPI101,,None,IS-1 BI,DF-1 (3 ports),#2,Mono/Biphasic,2nd Charge Time ? 18 sec. Or Battery Voltage ? 2.45 V Programmer Indicates ERI,,,,,,,,,,,,
Guidant Corp.,1783,Ventak Mini III+,VVEV,CPI101,,None,IS-1 BI,DF-1 (3 ports),#2,Mono/Biphasic,2nd Charge Time ? 18 sec. Or Battery Voltage ? 2.45 V Programmer Indicates ERI,,,,,,,,,,,,
Guidant Corp.,1786,Ventak Mini III+,VVEV,CPI101,,None,4.75 mm Bif,6.1 mm (2 ports),#2,Mono/Biphasic,2nd Charge Time ? 18 sec. Or Battery Voltage ? 2.45 V Programmer Indicates ERI,,,,,,,,,,,,
Guidant Corp.,1788,Ventak Mini,VVEV,CPI101,,None,IS-1 BI,DF-1 (3 ports),#2,Mono/Biphasic,2nd Charge Time ? 20 sec. Or Battery Voltage ? 2.45 V Programmer Indicates ERI,,,,,,,,,,,,
Guidant Corp.,1789,Ventak Mini,VVEV,CPI101,,None,4.75 mm Bif,6.1 mm (2 ports),#2,Mono/Biphasic,2nd Charge Time ? 20 sec. Or Battery Voltage ? 2.45 V Programmer Indicates ERI,,,,,,,,,,,,
Guidant Corp.,1790,Ventak Mini IV,VVEV,CPI106,,None,IS-1 BI,DF-1 (2 ports),#2,Mono/Biphasic,2nd Charge Time ? 20 sec. Or Battery Voltage ? 2.45 V Programmer Indicates ERI,,,,,,,,,,,,
Guidant Corp.,1792,Ventak Mini IV,VVEV,CPI106,,None,IS-1 BI,DF-1 (3 ports),#2,Mono/Biphasic,2nd Charge Time ? 20 sec. Or Battery Voltage ? 2.45 V Programmer Indicates ERI,,,,,,,,,,,,
Guidant Corp.,1793,Ventak Mini IV+,VVEV,CPI106,,None,IS-1 BI,DF-1 (3 ports),#2,Mono/Biphasic,2nd Charge Time ? 20 sec. Or Battery Voltage ? 2.45 V Programmer Indicates ERI,,,,,,,,,,,,
Guidant Corp.,1796,Ventak Mini IV+,VVEV,CPI106,,None,4.75 mm Bif,6.1 mm (2 ports),#2,Mono/Biphasic,2nd Charge Time ? 20 sec. Or Battery Voltage ? 2.45 V Programmer Indicates ERI,,,,,,,,,,,,
Guidant Corp.,1805,Ventak AV,VVED,CPI 1805,,IS-1 BI,4.75 mm Bif,6.1 mm (2 ports),#2,Mono/Biphasic,2nd Charge Time ? 18 sec. Or Battery Voltage ? 4.90 V ,,,,,,,,,,,,
Guidant Corp.,1810,Ventak AV,VVED,CPI 1810,,IS-1 BI,IS-1 BI,DF-1 (2 ports),#2,Mono/Biphasic,2nd Charge Time ? 18 sec. Or Battery Voltage ? 4.90 V Programmer Indicates ERI,,,,,,,,,,,,
Guidant Corp.,1815,Ventak AV,VVED,CPI 1815,,IS-1 BI,4.75 mm Bif,6.1 mm (2 ports),#2,Mono/Biphasic,2nd Charge Time ? 18 sec. Or Battery Voltage ? 4.90 V Programmer Indicates ERI,,,,,,,,,,,,
Guidant Corp.,1820,Ventak AV II,VVED,CPI 1820,,IS-1 BI,IS-1 BI,DF-1 (2 ports),#2,Mono/Biphasic,2nd Charge Time ? 18 sec. Or Battery Voltage ? 4.90 V Programmer Indicates ERI,,,,,,,,,,,,
Guidant Corp.,1821,Ventak AV II DR,VVED,CPI 1821,,IS-1 BI,IS-1 BI,DF-1 (2 ports),#2,Mono/Biphasic,2nd Charge Time ? 18 sec. Or Battery Voltage ? 4.90 V Programmer Indicates ERI,,,,,,,,,,,,
Guidant Corp.,1825,Ventak AV II,VVED,CPI 1825,,IS-1 BI,4.75 mm Bif,6.1 mm (2 ports),#2,Mono/Biphasic,2nd Charge Time ? 18 sec. Or Battery Voltage ? 4.90 V Programmer Indicates ERI,,,,,,,,,,,,
Guidant Corp.,1826,Ventak AV II DR,VVED,CPI 1826,,IS-1 BI,4.75 mm Bif,6.1 mm (2 ports),#2,Mono/Biphasic,2nd Charge Time ? 18 sec. Or Battery Voltage ? 4.90 V Programmer Indicates ERI,,,,,,,,,,,,
Guidant Corp.,1831,Ventak AV III DR,VVED,CPI103,,IS-1 BI,IS-1 BI,DF-1 (2 ports),#2,Mono/Biphasic,2nd Charge Time ? 18 sec. Or Battery Voltage ? 4.90 V Programmer Indicates ERI,,,,,,,,,,,,
Guidant Corp.,1836,Ventak AV III DR,VVED,CPI103,,IS-1 BI,4.75 mm Bif,6.1 mm (2 ports),#2,Mono/Biphasic,2nd Charge Time ? 18 sec. Or Battery Voltage ? 4.90 V Programmer Indicates ERI,,,,,,,,,,,,
Guidant Corp.,1850,Ventak Prizm VR,VVEV,GDT 104,,None,IS-1 BI,DF-1 (2 ports),#2,Mono/Biphasic,2nd Charge Time ? 18 sec. Or Battery Voltage ? 2.45 V Programmer Indicates ERI,,,,,,,,,,,,
Guidant Corp.,1851,Ventak Prizm DR,VVED,GDT 104,,IS-1 BI,IS-1 BI,DF-1 (2 ports),#2,Mono/Biphasic,2nd Charge Time ? 18 sec. Or Battery Voltage ? 2.45 V Programmer Indicates ERI,,,,,,,,,,,,
Guidant Corp.,1852,Ventak Prizm,VVEV,GDT 104,,None,IS-1 BI,DF-1 (2 ports),#2,Mono/Biphasic,2nd Charge Time ? 18 sec. Or Battery Voltage ? 2.45 V Programmer Indicates ERI,,,,,,,,,,,,
Guidant Corp.,1853,Ventak Prizm,VVED,GDT 104,,IS-1 BI,IS-1 BI,DF-1 (2 ports),#2,Mono/Biphasic,2nd Charge Time ? 18 sec. Or Battery Voltage ? 2.45 V Programmer Indicates ERI,,,,,,,,,,,,
Guidant Corp.,1855,Ventak Prizm VR,VVEV,GDT 104,,None,4.75 mm Bif,6.1 mm (2 ports),#2,Mono/Biphasic,2nd Charge Time ? 18 sec. Or Battery Voltage ? 2.45 V Programmer Indicates ERI,,,,,,,,,,,,
Guidant Corp.,1856,Ventak Prizm DR,VVED,GDT 104,,IS-1 BI,4.75 mm Bif,6.1 mm (2 ports),#2,Mono/Biphasic,2nd Charge Time ? 18 sec. Or Battery Voltage ? 2.45 V Programmer Indicates ERI,,,,,,,,,,,,
Guidant Corp.,1857,Ventak Prizm VR HE,VVEV,GDT 104,,None,4.75 mm Bif,6.1 mm (2 ports),#2,Mono/Biphasic,2nd Charge Time ? 18 sec. Or Battery Voltage ? 2.45 V Programmer Indicates ERI,,,,,,,,,,,,
Guidant Corp.,1858,Ventak Prizm DR HE,VVED,GDT 104,,IS-1 BI,4.75 mm Bif,6.1 mm (2 ports),#2,Mono/Biphasic,2nd Charge Time ? 18 sec. Or Battery Voltage ? 2.45 V Programmer Indicates ERI,,,,,,,,,,,,
Guidant Corp.,1860,Ventak Prizm 2 VR,VVEV,GDT 104,,None,IS-1 BI,DF-1 (2 ports),#2,Mono/Biphasic,2nd Charge Time ? 17.5 sec. Or Battery Voltage ? 2.50 V Programmer Indicates ERI,,,,,,,,,,,,
Guidant Corp.,1861,Ventak Prizm 2 DR,VVED,GDT 104,,IS-1 BI,IS-1 BI,DF-1 (2 ports),#2,Mono/Biphasic,2nd Charge Time ? 17.5 sec. Or Battery Voltage ? 2.50 V Programmer Indicates ERI,,,,,,,,,,,,
Guidant Corp.,1870,Vitality VR,VVEV,GDT 109,,None,IS-1 BI,DF-1 (2 ports),#2,Mono/Biphasic,2nd Charge Time ? 18 sec. Or Battery Voltage ? 2.48 V Programmer Indicates ERI,,,,,,,,,,,,
Guidant Corp.,1871,Vitality DR,VVED,GDT 109,,IS-1 BI,IS-1 BI,DF-1 (2 ports),#2,Mono/Biphasic,2nd Charge Time ? 18 sec. Or Battery Voltage ? 2.48 V Programmer Indicates ERI,,,,,,,,,,,,
Guidant Corp.,1872,Vitality DR+,VVED,GDT 109,,IS-1 BI,IS-1 BI,DF-1 (2 ports),#2,Mono/Biphasic,2nd Charge Time ? 18 sec. Or Battery Voltage ? 2.48 V Programmer Indicates ERI,,,,,,,,,,,,
Guidant Corp.,A135,Vitality AVT,DDED,GDT 114,,IS-1 BI,IS-1 BI,DF-1 (2 ports),#2,Mono/Biphasic,"Monitoring Voltage ? 2.48 V or Charge Time > 17.9 seconds note: If monitoring voltage is 3.0 V to 2.53 V, ERI charge time is 23.0 seconds. Programmer Indicates ERI",,,,,,,,,,,,
Guidant Corp.,A155,Vitality AVT,DDED,GDT 114,,IS-1 BI,IS-1 BI,DF-1 (2 ports),#2,Mono/Biphasic,"Monitoring Voltage ? 2.50 V or Charge Time > 13.1 seconds note: If monitoring voltage is 3.0 V to 2.53 V, ERI charge time is 17.9 seconds. Programmer Indicates ERI",,,,,,,,,,,,
Guidant Corp.,T125,Vitality DS DR,VVED,GDT 104,,IS-1 BI,IS-1 BI,DF-1 (2 ports),#2,Mono/Biphasic,2nd Charge Time ? 13.1 sec. Or Battery Voltage ? 2.48 V Programmer Indicates ERI,,,,,,,,,,,,
Guidant Corp.,T127,Vitality EL DR,VVED,GDT 104,,IS-1 BI,IS-1 BI,DF-1 (2 ports),#2,Mono/Biphasic,2nd Charge Time ? 13.1 sec. Or Battery Voltage ? 2.48 V Programmer Indicates ERI,,,,,,,,,,,,
Guidant Corp.,T135,Vitality DS VR,VVEV,GDT 104,,None,IS-1 BI,DF-1 (2 ports),#2,Mono/Biphasic,"Monitoring Voltage ? 2.50 V orCharge Time > 13.1 secondsnotE: If monitoring voltage is 3.0V to 2.53 V, ERI charge time is 18.9seconds. Programmer Indicates ERI",,,,"Monitoring Voltage ? 2.50 V orCharge Time > 13.1 secondsnotE: If monitoring voltage is 3.0V to 2.53 V, ERI charge time is 18.9seconds. Programmer Indicates ERI",,,,,,,,
Guidant Corp.,T165,Vitality 2,VVED,GDT 109,,IS-1 BI,IS-1 BI,DF-1 (2 ports),#2,Mono/Biphasic,"Monitoring Voltage ? 2.50 V orCharge Time > 13.1 secondsnotE: If monitoring voltage is 3.0V to 2.53 V, ERI charge time is 18.9seconds. Programmer Indicates ERI",,,,"Monitoring Voltage ? 2.50 V orCharge Time > 13.1 secondsnotE: If monitoring voltage is 3.0V to 2.53 V, ERI charge time is 18.9seconds. Programmer Indicates ERI",,,,,,,,
Guidant Corp.,T167,Vitality 2 EL,VVED,GDT 109,,IS-1 BI,IS-1 BI,DF-1 (2 ports),#2,Mono/Biphasic,"Monitoring Voltage ? 2.50 V orCharge Time > 13.1 secondsnotE: If monitoring voltage is 3.0V to 2.55 V, ERI charge time is 18.9seconds. Programmer Indicates ERI",,,,"Monitoring Voltage ? 2.50 V orCharge Time > 13.1 secondsnotE: If monitoring voltage is 3.0V to 2.55 V, ERI charge time is 18.9seconds. Programmer Indicates ERI",,,,,,,,
Guidant Corp.,T175,Vitality 2,VVEV,GDT 109,,None,IS-1 BI,DF-1 (2 ports),#2,Mono/Biphasic,"Monitoring Voltage ? 2.50 V orCharge Time > 13.1 secondsnotE: If monitoring voltage is 3.0V to 2.53 V, ERI charge time is 18.9seconds. Programmer Indicates ERI",,,,"Monitoring Voltage ? 2.50 V orCharge Time > 13.1 secondsnotE: If monitoring voltage is 3.0V to 2.53 V, ERI charge time is 18.9seconds. Programmer Indicates ERI",,,,,,,,
Guidant Corp.,T177,Vitality 2 EL,VVEV,GDT 109,,None,IS-1 BI,DF-1 (2 ports),#2,Mono/Biphasic,"Monitoring Voltage ? 2.50 V orCharge Time > 13.1 secondsnotE: If monitoring voltage is 3.0V to 2.55 V, ERI charge time is 18.9seconds. Programmer Indicates ERI",,,,"Monitoring Voltage ? 2.50 V orCharge Time > 13.1 secondsnotE: If monitoring voltage is 3.0V to 2.55 V, ERI charge time is 18.9seconds. Programmer Indicates ERI",,,,,,,,
Guidant Corp.,T180,Vitality DR He,VVED,GDT 117,,IS-1 BI,IS-1 BI,DF-1 (2 ports),#2,Mono/Biphasic,"Monitoring Voltage ? 2.50 V orCharge Time > 14.6 secondsnotE: If monitoring voltage is 3.0V to 2.55 V, ERI charge time is 26.1seconds. Programmer Indicates ERI",,,,"Monitoring Voltage ? 2.50 V orCharge Time > 14.6 secondsnotE: If monitoring voltage is 3.0V to 2.55 V, ERI charge time is 26.1seconds. Programmer Indicates ERI",,,,,,,,
"Medtronic, Inc.",7219D,Jewel PCD,VVEV,PAE PAE,,None,IS-1 BI,"DF-1
(3 ports)",#2,Mono/Biphasic,Battery Voltage ? 4.91 V or 2nd Charge Time ? 14.5 sec..,,,,,,,,,,,,
"Medtronic, Inc.",7219E,Jewel PCD,VVEV,PCE PCE,,None,5 mm Bif,6.5 mm (2 ports),#2,Mono/Biphasic,Battery Voltage ? 4.91 V or 2nd Charge Time ? 14.5 sec.,,,,,,,,,,,,
"Medtronic, Inc.",7220B,Jewel Plus,VVEV,PCV PCV,,None,"3.2 mm LP,
IS-1 BI Compatible",6.5 mm (3 ports),#2,Mono/Biphasic,Battery Voltage ? 4.91 V or 2nd Charge Time ? 14.5 sec.,,,,,,,,,,,,
"Medtronic, Inc.",7220C,Jewel Plus,VVEV,PCW PCW,,None,IS-1 BI,"DF-1
(1 port)",#2,Mono/Biphasic,Battery Voltage ? 4.91 V or 2nd Charge Time ? 14.5 sec.,,,,,,,,,,,,
"Medtronic, Inc.",7220D,Jewel Plus,VVEV,PCy PCy,,None,IS-1 BI,"DF-1
(3 ports)",#2,Mono/Biphasic,Battery Voltage ? 4.91 V or 2nd Charge Time ? 14.5 sec.,,,,,,,,,,,,
"Medtronic, Inc.",7220E,Jewel Plus,VVEV,PDA PDA,,None,5 mm Bif,6.5 mm (2 ports),#2,Mono/Biphasic,Battery Voltage ? 4.91 V or 2nd Charge Time ? 14.5 sec.,,,,,,,,,,,,
"Medtronic, Inc.",7221B,Micro Jewel,VVEV,PFL PFL,,None,"3.2 mm LP,
IS-1 BI Compatible",6.5 mm (3 ports),#2,Mono/Biphasic,Battery Voltage ? 4.91 V,,,,,,,,,,,,
"Medtronic, Inc.",7221Cx,Micro Jewel,VVEV,PFK PFK,,None,IS-1 BI,"DF-1
(2 ports)",#2,Mono/Biphasic,Battery Voltage ? 4.91 V,,,,,,,,,,,,
"Medtronic, Inc.",7221D,Micro Jewel,VVEV,PFJ PFJ,,None,IS-1 BI,"DF-1
(3 ports)",#2,Mono/Biphasic,Battery Voltage ? 4.91 V,,,,,,,,,,,,
"Medtronic, Inc.",7221E,Micro Jewel,VVEV,PFM PFM,,None,5 mm Bif,6.5 mm (2 ports),#2,Mono/Biphasic,Battery Voltage ? 4.91 V,,,,,,,,,,,,
"Medtronic, Inc.",7223Cx,Micro Jewel II,VVEV,PFR PFR,,None,IS-1 BI,"DF-1
(2 ports)",#2,Mono/Biphasic,Battery Voltage ? 4.91 V,,,,,,,,,,,,
"Medtronic, Inc.",7227/5227B,GEM,VVE-VVIR,PIR PIR,,None,"3.2 mm LP,
IS-1 BI Compatible",6.5 mm (3 ports),#2,Biphasic,Battery Voltage ? 2.55 V,,,,,,,,,,,,
"Medtronic, Inc.",7227/5227D,GEM,VVE-VVIR,PIR PIR,,None,IS-1 BI,"DF-1
(3 ports)",#2,Biphasic,Battery Voltage ? 2.55 V,,,,,,,,,,,,
"Medtronic, Inc.",7227/5227E,GEM,VVE-VVIR,PIR PIR,,None,5 mm Bif,6.5 mm (2 ports),#2,Biphasic,Battery Voltage ? 2.55 V,,,,,,,,,,,,
"Medtronic, Inc.",7227B,GEM,VVE-VVIR,PLN PLN,,None,"3.2 mm LP,
IS-1 BI Compatible",6.5 mm (3 ports),#2,Biphasic,Battery Voltage ? 2.55 V,,,,,,,,,,,,
"Medtronic, Inc.",7227Cx,GEM,VVE-VVIR,PIP PIP,,None,IS-1 BI,"DF-1
(2 ports)",#2,Biphasic,Battery Voltage ? 2.55 V,,,,,,,,,,,,
"Medtronic, Inc.",7227D,GEM,VVE-VVIR,PLP PLP,,None,IS-1 BI,"DF-1
(3 ports)",#2,Biphasic,Battery Voltage ? 2.55 V,,,,,,,,,,,,
"Medtronic, Inc.",7227E,GEM,VVE-VVIR,PLR PLR, ,None,5 mm Bif,6.5 mm (2 ports),#2,Biphasic,Battery Voltage ? 2.55 V,,,,,,,,,,,,
"Medtronic, Inc.",7229Cx,GEM II VR,VVE-VVIR,PJJ PJJ,,None,IS-1 BI,"DF-1
(2 ports)",#2,Biphasic,Battery Voltage ? 2.55 V,,,,,,,,,,,,
"Medtronic, Inc.",7230B,Marquis VR,VVE-VVIR,PLW PLW,,None,"3.2 mm LP,
IS-1 BI Compatible",6.5 mm (3 ports),#2,Biphasic,Battery Voltage ? 2.62 V,,,,,,,,,,,,
"Medtronic, Inc.",7230Cx,Marquis VR,VVE-VVIR,PKD PKD,,None,IS-1 BI,DF-1 (2 ports),#2,Biphasic,Battery Voltage ? 2.62 V,,,,,,,,,,,,
"Medtronic, Inc.",7230E,Marquis VR,VVE-VVIR,Ply Ply,,None,5 mm Bif,6.5 mm (2 ports),#2,Biphasic,Battery Voltage ? 2.62 V,,,,,,,,,,,,
"Medtronic, Inc.",7231Cx,GEM III VR,VVE-VVIR,PJL PJL,,None,IS-1 BI,DF-1 (2 ports),#2,Biphasic,Battery Voltage ? 2.55 V,,,,,,,,,,,,
"Medtronic, Inc.",7232B,Maximo VR,VVE-VVIR,PVF PJL,,None,"3.2 mm LP, IS-1 BI Compatible",6.5 mm (3 ports),#2,Biphasic,Battery Voltage ? 2.62 V,,,,,,,,,,,,
"Medtronic, Inc.",7232Cx,Maximo VR,VVE-VVIR,PRN PRN,,None,IS-1 BI,DF-1 (2 ports),#2,Biphasic,Battery Voltage ? 2.62 V,,,,,,,,,,,,
"Medtronic, Inc.",7232E,Maximo VR,VVE-VVIR,PVG PVG,,None,5 mm Bif,6.5 mm (2 ports),#2,Biphasic,Battery Voltage ? 2.62 V,,,,,,,,,,,,
"Medtronic, Inc.",7250H,Jewel AF,DDE-DDD,PID PID,,IS-1 BI,IS-1 BI,DF-1 (3 ports),#2,Biphasic,Battery Voltage ? 4.94 V,,,,,,,,,,,,
"Medtronic, Inc.",7271,GEM DR,VVE-DDDR,PIM PIM,,IS-1 BI,IS-1 BI,DF-1 (2 ports),#2,Biphasic,Battery Voltage ? 4.91 V,,,,,,,,,,,,
"Medtronic, Inc.",7273,GEM II DR,VVE-DDDR,PJK PJK,,IS-1 BI,IS-1 BI,DF-1 (2 ports),#2,Biphasic,Battery Voltage ? 2.55 V,,,,,,,,,,,,
"Medtronic, Inc.",7274,Marquis DR,VVE-DDDR,PKC PKC,,IS-1 BI,IS-1 BI,DF-1 (2 ports),#2,Biphasic,Battery Voltage ? 2.62 V,,,,,,,,,,,,
"Medtronic, Inc.",7275,GEM III DR,VVE-DDDR,PJM PJM,,IS-1 BI,IS-1 BI,DF-1 (2 ports),#2,Biphasic,Battery Voltage ? 2.55 V,,,,,,,,,,,,
"Medtronic, Inc.",7276,GEM III AT,DDE-DDDR,PKE PKE,,IS-1 BI,IS-1 BI,DF-1 (2 ports),#2,Biphasic,Battery Voltage ? 2.55 V,,,,,,,,,,,,
"Medtronic, Inc.",7278,Maximo DR,VVE-DDDR,PRM PRM,,IS-1 BI,IS-1 BI,DF-1 (2 ports),#2,Biphasic,Battery Voltage ? 2.62 V,,,,,,,,,,,,
"Medtronic, Inc.",7287,Intrinsic 30,VVE-DDDR,PUA PUA,,IS-1 BI,IS-1 BI,DF-1 (2 ports),#2,Biphasic,Battery Voltage ? 2.62 V,,,,,,,,,,,,
"Medtronic, Inc.",7288,Intrinsic,VVE-DDDR,PUB PUB,,IS-1 BI,IS-1 BI,DF-1 (2 ports),#2,Biphasic,Battery Voltage ? 2.62 V,,,,,,,,,,,,
"Medtronic, Inc.",7290Cx,Onyx VR,VVE-VVIR,PRP PRP,,None,IS-1 BI,DF-1 (2 ports),#2,Biphasic,Battery Voltage ? 2.55 V,,,,,,,,,,,,
"Medtronic, Inc.",D144DRG,EnTrust DR,DDE-DDDR,PNR PNR,,IS-1 BI,IS-1 BI,DF-1 (2 ports),2,Biphasic,Battery Voltage ? 2.62 V,,,,,,,,,,,,
"Medtronic, Inc.",D144VRC,EnTrust VR,VVE-VVIR,PNT PNT,,None,IS-1 BI,DF-1 (2 ports),2,Biphasic,Battery Voltage ? 2.62 V,,,,,,,,,,,,
"Medtronic, Inc.",D153ATG,EnTrust,DDE-DDDR,PNR PNR,,IS-1 BI,IS-1 BI,DF-1 (2 ports),#2,Biphasic,Battery Voltage ? 2.61 V,,,,,,,,,,,,
"Medtronic, Inc.",D153DRG,EnTrust,DDE-DDDR,PNR PNR,,IS-1 BI,IS-1 BI,DF-1 (2 ports),#2,Biphasic,Battery Voltage ? 2.61 V,,,,,,,,,,,,
"Medtronic, Inc.",D153VRC,EnTrust,VVE-VVIR,PNT PNT,,None,IS-1 BI,DF-1 (2 ports),#2,Biphasic,Battery Voltage ? 2.61 V,,,,,,,,,,,,
"Medtronic, Inc.",D154ATG,EnTrust,DDE-DDDR,PNR PNR,,IS-1 BI,IS-1 BI,DF-1 (2 ports),#2,Biphasic,Battery Voltage ? 2.61 V,,,,,,,,,,,,
"Medtronic, Inc.",D154AWG,Virtuoso,DDE-DDDR,PVR PVR,,IS-1 BI,IS-1 BI,DF-1 (2 ports),#2,Biphasic,Battery Voltage ? 2.62 V,,,,,,,,,,,,
"Medtronic, Inc.",D154DRG,EnTrust,DDE-DDDR,PNR PNR,,IS-1 BI,IS-1 BI,DF-1 (2 ports),#2,Biphasic,Battery Voltage ? 2.61 V,,,,,,,,,,,,
"Medtronic, Inc.",D154VRC,EnTrust,VVE-VVIR,PNT PNT,,None,IS-1 BI,DF-1 (2 ports),#2,Biphasic,Battery Voltage ? 2.61 V,,,,,,,,,,,,
"Medtronic, Inc.",D154VWC,Virtuoso,VVE-VVIR,PVR PVR,,None,IS-1 BI,DF-1 (2 ports),#2,Biphasic,Battery Voltage ? 2.62 V,,,,,,,,,,,,
"Medtronic, Inc.",D164AWG,Virtuoso DR,DDE-DDDR,PVR PVR,,IS-1 BI,IS-1 BI,DF-1 (2 ports),2,Biphasic,Battery Voltage ? 2.62 V,,,,,,,,,,,,
"Medtronic, Inc.",D164VWC,Virtuoso VR,VVE-VVIR,PVR PVR,,None,IS-1 BI,DF-1 (2 ports),2,Biphasic,Battery Voltage ? 2.62 V,,,,,,,,,,,,
"Medtronic, Inc.",D204DRM,Secura DR,DDE-DDDR,PUG PUF,,IS-1 BI,DF4-LLHH,DF4-LLHH,2,Biphasic,Battery Voltage ? 2.63 V on 3 consecutive daily measurements,,,,,,,,,,,,
"Medtronic, Inc.",D204VRM,Secura VR,VVE-VVIR,PUG PUK,,None,DF4-LLHH,DF4-LLHH,2,Biphasic,Battery Voltage ? 2.63 V on 3 consecutive daily measurements,,,,,,,,,,,,
"Medtronic, Inc.",D214DRM,Secura DR,DDE-DDDR,PUG PZD,,IS-1 BI,DF4-LLHH,DF4-LLHH,2,Biphasic,Battery Voltage ? 2.63 V on 3 consecutive daily measurements,,,,,,,,,,,,
"Medtronic, Inc.",D214VRM,Secura VR,VVE-VVIR,PUG PZG,,None,DF4-LLHH,DF4-LLHH,2,Biphasic,Battery Voltage ? 2.63 V on 3 consecutive daily measurements,,,,,,,,,,,,
"Medtronic, Inc.",D224DRG,Secura DR,VVE-DDDR,PUG PUG,,IS-1 BI,IS-1 BI,DF-1 (2 ports),2,Biphasic,Battery Voltage ? 2.63 V on 3 consecutive daily measurements,,,,,,,,,,,,
"Medtronic, Inc.",D224VRC,Secura VR,VVE-VVIR,PUG PUX,,None,IS-1 BI,DF-1 (2 ports),2,Biphasic,Battery Voltage ? 2.63 V on 3 consecutive daily measurements,,,,,,,,,,,,
"Medtronic, Inc.",D234DRG,Secura DR,VVE-DDDR,PUG PZC,,IS-1 BI,IS-1 BI,DF-1 (2 ports),2,Biphasic,Battery Voltage ? 2.63 V on 3 consecutive daily measurements,,,,,,,,,,,,
"Medtronic, Inc.",D234VRC,Secura VR,VVE-VVIR,PUG PZF,,None,IS-1 BI,DF-1 (2 ports),2,Biphasic,Battery Voltage ? 2.63 V on 3 consecutive daily measurements,,,,,,,,,,,,
"Medtronic, Inc.",D244VRM,Virtuoso II VR,VVE-VVIR,PUG PUy,,None,DF4-LLHH,DF4-LLHH,2,Biphasic,Battery Voltage ? 2.63 V on 3 consecutive daily measurements,,,,,,,,,,,,
"Medtronic, Inc.",D264DRM,Maximo II DR,VVE-DDDR,PUG PUJ,,IS-1 BI,DF4-LLHH,DF4-LLHH,2,Biphasic,Battery Voltage ? 2.63 V on 3 consecutive daily measurements,,,,,,,,,,,,
"Medtronic, Inc.",D264VRM,Maximo II VR,VVE-VVIR,PUG PUZ,,None,DF4-LLHH,DF4-LLHH,2,Biphasic,Battery Voltage ? 2.63 V on 3 consecutive daily measurements,,,,,,,,,,,,
"Medtronic, Inc.",D274DRG,Virtuoso II DR,VVE-DDDR,PUG PZT,,IS-1 BI,IS-1 BI,DF-1 (2 ports),2,Biphasic,Battery Voltage ? 2.63 V on 3 consecutive daily measurements,,,,,,,,,,,,
"Medtronic, Inc.",D274VRC,Virtuoso II VR,VVE-VVIR,PUG PZR,,None,IS-1 BI,DF-1 (2 ports),2,Biphasic,Battery Voltage ? 2.63 V on 3 consecutive daily measurements,,,,,,,,,,,,
"Medtronic, Inc.",D284DRG,Maximo II DR,VVE-DDDR,PUG PZM,,IS-1 BI,IS-1 BI,DF-1 (2 ports),2,Biphasic,Battery Voltage ? 2.63 V on 3 consecutive daily measurements,,,,,,,,,,,,
"Medtronic, Inc.",D284VRC,Maximo II VR,VVE-VVIR,PUG PZN,,None,IS-1 BI,DF-1 (2 ports),2,Biphasic,Battery Voltage ? 2.63 V on 3 consecutive daily measurements,,,,,,,,,,,,
"Medtronic, Inc.",D294DRG,Virtuoso II DR,VVE-DDDR,PUG PZS,,IS-1 BI,IS-1 BI,DF-1 (2 ports),2,Biphasic,Battery Voltage ? 2.63 V on 3 consecutive daily measurements,,,,,,,,,,,,
"Medtronic, Inc.",D294VRC,Virtuoso II VR,VVE-VVIR,PUG PZQ,,None,IS-1 BI,DF-1 (2 ports),2,Biphasic,Battery Voltage ? 2.63 V on 3 consecutive daily measurements,,,,,,,,,,,,
"Medtronic, Inc.",D314DRG,Protecta XT DR,DDE-DDDR,PSI PSK,,IS-1 BI,IS-1 BI,DF-1 (2 ports),2,Biphasic,Battery Voltage ? 2.63 V on 3 consecutive daily measurements,,,,,,,,,,,,
"Medtronic, Inc.",D314DRM,Protecta XT DR,DDE-DDDR,PSI PSJ,,IS-1 BI,DF4-LLHH,DF4-LLHH,2,Biphasic,Battery Voltage ? 2.63 V on 3 consecutive daily measurements,,,,,,,,,,,,
"Medtronic, Inc.",D314VRG,Protecta XT VR,VVE-VVIR,PSI PSA,,None,IS-1 BI,DF-1 (2 ports),2,Biphasic,Battery Voltage ? 2.63 V on 3 consecutive daily measurements,,,,,,,,,,,,
"Medtronic, Inc.",D314VRM,Protecta XT VR,VVE-VVIR,PSI PSB,,None,DF4-LLHH,DF4-LLHH,2,Biphasic,Battery Voltage ? 2.63 V on 3 consecutive daily measurements,,,,,,,,,,,,
"Medtronic, Inc.",D334DRG,Protecta DR,DDE-DDDR,PSI PSP,,IS-1 BI,IS-1 BI,DF-1 (2 ports),2,Biphasic,Battery Voltage ? 2.63 V on 3 consecutive daily measurements,,,,,,,,,,,,
"Medtronic, Inc.",D334DRM,Protecta DR,DDE-DDDR,PSI PSM,,IS-1 BI,DF4-LLHH,DF4-LLHH,2,Biphasic,Battery Voltage ? 2.63 V on 3 consecutive daily measurements,,,,,,,,,,,,
"Medtronic, Inc.",D334VRG,Protecta VR,VVE-VVIR,PSI PSX,,None,IS-1 BI,DF-1 (2 ports),2,Biphasic,Battery Voltage ? 2.63 V on 3 consecutive daily measurements,,,,,,,,,,,,
"Medtronic, Inc.",D334VRM,Protecta VR,VVE-VVIR,PSI PSN,,None,DF4-LLHH,DF4-LLHH,2,Biphasic,Battery Voltage ? 2.63 V on 3 consecutive daily measurements,,,,,,,,,,,,
"Medtronic, Inc.",D354DRG,Protecta XT DR,DDE-DDDR,PSI PSC,,IS-1 BI,IS-1 BI,DF-1 (2 ports),2,Biphasic,Battery Voltage ? 2.63 V on 3 consecutive daily measurements,,,,,,,,,,,,
"Medtronic, Inc.",D354DRM,Protecta XT DR,DDE-DDDR,PSI PSD,,IS-1 BI,DF4-LLHH,DF4-LLHH,2,Biphasic,Battery Voltage ? 2.63 V on 3 consecutive daily measurements,,,,,,,,,,,,
"Medtronic, Inc.",D354VRG,Protecta XT VR,VVE-VVIR,PSI PSG,,None,IS-1 BI,DF-1 (2 ports),2,Biphasic,Battery Voltage ? 2.63 V on 3 consecutive daily measurements,,,,,,,,,,,,
"Medtronic, Inc.",D354VRM,Protecta XT VR,VVE-VVIR,PSI PSH,,None,DF4-LLHH,DF4-LLHH,2,Biphasic,Battery Voltage ? 2.63 V on 3 consecutive daily measurements,,,,,,,,,,,,
"Medtronic, Inc.",D364DRG,Protecta DR,DDE-DDDR,PSI PTF,,IS-1 BI,IS-1 BI,DF-1 (2 ports),2,Biphasic,Battery Voltage ? 2.63 V on 3 consecutive daily measurements,,,,,,,,,,,,
"Medtronic, Inc.",D364DRM,Protecta DR,DDE-DDDR,PSI PTC,,IS-1 BI,DF4-LLHH,DF4-LLHH,2,Biphasic,Battery Voltage ? 2.63 V on 3 consecutive daily measurements,,,,,,,,,,,,
"Medtronic, Inc.",D364VRG,Protecta VR,VVE-VVIR,PSI PTG,,None,IS-1 BI,DF-1 (2 ports),2,Biphasic,Battery Voltage ? 2.63 V on 3 consecutive daily measurements,,,,,,,,,,,,
"Medtronic, Inc.",D364VRM,Protecta VR,VVE-VVIR,PSI PTD,,None,DF4-LLHH,DF4-LLHH,2,Biphasic,Battery Voltage ? 2.63 V on 3 consecutive daily measurements,,,,,,,,,,,,
"Medtronic, Inc.",D384DRG,Cardia DR,DDE-DDDR,PSI PXF,,IS-1 BI,IS-1 BI,DF-1 (2 ports),2,Biphasic,Battery Voltage ? 2.63 V on 3 consecutive daily measurements,,,,,,,,,,,,
"Medtronic, Inc.",D384DRM,Cardia DR,DDE-DDDR,PSI PXG,,IS-1 BI,DF4-LLHH,DF4-LLHH,2,Biphasic,Battery Voltage ? 2.63 V on 3 consecutive daily measurements,,,,,,,,,,,,
"Medtronic, Inc.",D384VRG,Cardia VR,VVE-VVIR,PSI PXK,,None,IS-1 BI,DF-1 (2 ports),2,Biphasic,Battery Voltage ? 2.63 V on 3 consecutive daily measurements,,,,,,,,,,,,
"Medtronic, Inc.",D384VRM,Cardia VR,VVE-VVIR,PSI PXQ,,None,DF4-LLHH,DF4-LLHH,2,Biphasic,Battery Voltage ? 2.63 V on 3 consecutive daily measurements,,,,,,,,,,,,
"Medtronic, Inc.",D394DRG,Egida DR,DDE-DDDR,PSI PXP,,IS-1 BI,IS-1 BI,DF-1 (2 ports),2,Biphasic,Battery Voltage ? 2.63 V on 3 consecutive daily measurements,,,,,,,,,,,,
"Medtronic, Inc.",D394DRM,Egida DR,DDE-DDDR,PSI PXM,,IS-1 BI,DF4-LLHH,DF4-LLHH,2,Biphasic,Battery Voltage ? 2.63 V on 3 consecutive daily measurements,,,,,,,,,,,,
"Medtronic, Inc.",D394VRG,Egida VR,VVE-VVIR,PSI PXO,,None,IS-1 BI,DF-1 (2 ports),2,Biphasic,Battery Voltage ? 2.63 V on 3 consecutive daily measurements,,,,,,,,,,,,
"Medtronic, Inc.",D394VRM,Egida VR,VVE-VVIR,PSI PXH,,None,DF4-LLHH,DF4-LLHH,2,Biphasic,Battery Voltage ? 2.63 V on 3 consecutive daily measurements,,,,,,,,,,,,
St. Jude Medical,V-193,Atlas + VR,VVEV,SJM JX,,None,IS-1 BI,DF-1 (2 ports),#2,Mono/Biphasic,Battery Voltage ? 2.45 V,,,,,,,,,,,,
St. Jude Medical,V-193C,Atlas + VR,VVEV,SJM JX,,None,4.75 mm Bif,6.1 mm (2 ports),#2,Mono/Biphasic,Battery Voltage ? 2.45 V,,,,,,,,,,,,
St. Jude Medical,V-194,Photon µ VR,VVEV,SJM JF,,None,IS-1 BI,DF-1 (2 ports),#2,Mono/Biphasic,Battery Voltage ? 2.45 V,,,,,,,,,,,,
St. Jude Medical,V-196,Epic + VR,VVEV,SJM JT,,None,IS-1 BI,DF-1 (2 ports),#2,Mono/Biphasic,Battery Voltage ? 2.45 V,,,,,,,,,,,,
St. Jude Medical,V-196T,Epic + VR,VVEV,SJM JT,,None,IS-1 BI,DF-1 (2 ports),#2,Mono/Biphasic,Battery Voltage ? 2.45 V,,,,,,,,,,,,
St. Jude Medical,V-197,Epic VR,VVEV,SJM JJ,,None,IS-1 BI,DF-1 (2 ports),#2,Mono/Biphasic,Battery Voltage ? 2.45 V,,,,,,,,,,,,
St. Jude Medical,V-199,Atlas VR,VVEV,SJM JL,,None,IS-1 BI,DF-1 (2 ports),#2,Mono/Biphasic,Battery Voltage ? 2.45 V,,,,,,,,,,,,
St. Jude Medical,V-230HV,Photon DR,VVED,V230HV,,IS-1 BI,IS-1 BI,DF-1 (2 ports),#2,Mono/Biphasic,Battery Voltage ? 2.45 V,,,,,,,,,,,,
St. Jude Medical,V-232,Photon µ DR,VVED,SJM JC,,IS-1 BI,IS-1 BI,DF-1 (2 ports),#2,Mono/Biphasic,Battery Voltage ? 2.45 V,,,,,,,,,,,,
St. Jude Medical,V-233,Epic DR,VVED,,,IS-1 BI,IS-1 BI,DF-1 (2 ports),#2,Mono/Biphasic,Battery Voltage ? 2.45 V,,,,,,,,,,,,
St. Jude Medical,V-235,Epic DR,VVED,SJM JJ,,IS-1 BI,IS-1 BI,DF-1 (2 ports),#2,Mono/Biphasic,Battery Voltage ? 2.45 V,,,,,,,,,,,,
St. Jude Medical,V-236,Epic + DR,VVED,SJM JT,,IS-1 BI,IS-1 BI,DF-1 (2 ports),#2,Mono/Biphasic,Battery Voltage ? 2.45 V,,,,,,,,,,,,
St. Jude Medical,V-239,Epic + DR,VVED,SJM JT,,IS-1 BI,IS-1 BI,DF-1 (2 ports),#2,Mono/Biphasic,Battery Voltage ? 2.45 V,,,,,,,,,,,,
St. Jude Medical,V-239T,Epic + DR,VVED,SJM JT,,IS-1 BI,IS-1 BI,DF-1 (2 ports),#2,Mono/Biphasic,Battery Voltage ? 2.45 V,,,,,,,,,,,,
St. Jude Medical,V-240,Atlas DR,VVED,SJM JC,,IS-1 BI,IS-1 BI,DF-1 (2 ports),#2,Mono/Biphasic,Battery Voltage ? 2.45 V,,,,,,,,,,,,
St. Jude Medical,V-242,Atlas DR,VVED,,,IS-1 BI,IS-1 BI,DF-1 (2 ports),#2,Mono/Biphasic,Battery Voltage ? 2.45 V,,,,,,,,,,,,
St. Jude Medical,V-243,Atlas + DR,VVED,,,IS-1 BI,IS-1 BI,DF-1 (2 ports),#2,Mono/Biphasic,Battery Voltage ? 2.45 V,,,,,,,,,,,,
"Ventritex, Inc. (St. Jude Medical)",V-100,Cadence,VVEV,V-100,,None,VS-1 BI,5 mm (2 ports),SD & #4,Mono/Biphasic,"Battery Voltage, 5.1 V",,,,,,,,,,,,
"Ventritex, Inc. (St. Jude Medical)",V-100B,Cadence,VVEV,V-100,,None,4.75 mm Bif,5 mm (2 ports),SD & #4,Mono/Biphasic,"Battery Voltage, 5.1 V",,,,,,,,,,,,
"Ventritex, Inc. (St. Jude Medical)",V-100C,Cadence,VVEV,V-100,,None,4.75 mm Bif,6.1 mm (2 ports),SD & #4,Mono/Biphasic,"Battery Voltage, 5.1 V",,,,,,,,,,,,
"Ventritex, Inc. (St. Jude Medical)",V-100D,Cadence,VVEV,V-100,,None,IS-1 BI,DF-1 (3 ports),SD & #4,Mono/Biphasic,"Battery Voltage, 5.1 V",,,,,,,,,,,,
"Ventritex, Inc. (St. Jude Medical)",V-105,Cadet LT,VVEV,V-105,,None,VS-1 BI,5 mm (2 ports),#2,Mono/Biphasic,Battery Voltage ? 2.55 V,,,,,,,,,,,,
"Ventritex, Inc. (St. Jude Medical)",V-105AC,Cadet LT,VOEV,V-105,,None,IS-1 BI,DF-1 (2 ports),SD,Mono/Biphasic,"Battery Voltage, 2.55 V",,,,,,,,,,,,
"Ventritex, Inc. (St. Jude Medical)",V-105B,Cadet LT,VVEV,V-105,,None,4.75 mm Bif,5 mm (2 ports),#2,Mono/Biphasic,Battery Voltage ? 2.55 V,,,,,,,,,,,,
"Ventritex, Inc. (St. Jude Medical)",V-105C,Cadet LT,VOEV,V-105,,None,4.75 mm Bif,6.1 mm (2 ports),SD,Mono/Biphasic,"Battery Voltage, 2.55 V",,,,,,,,,,,,
"Ventritex, Inc. (St. Jude Medical)",V-105D,Cadet LT,VOEV,V-105,,None,IS-1 BI,DF-1 (3 ports),SD,Mono/Biphasic,"Battery Voltage, 2.55 V",,,,,,,,,,,,
"Ventritex, Inc. (St. Jude Medical)",V-110,Cadence,VVEV,V-110,,None,VS-1 BI,5 mm (2 ports),SD & #2,Mono/Biphasic,"Battery Voltage, 5.1 V",,,,,,,,,,,,
"Ventritex, Inc. (St. Jude Medical)",V-110B,Cadence,VVEV,V-110,,None,4.75 mm Bif,5 mm (2 ports),SD & #2,Mono/Biphasic,"Battery Voltage, 5.1 V",,,,,,,,,,,,
"Ventritex, Inc. (St. Jude Medical)",V-110C,Cadence,VVEV,V-110,,None,4.75 mm Bif,6.1 mm (2 ports),SD & #2,Mono/Biphasic,"Battery Voltage, 5.1 V",,,,,,,,,,,,
"Ventritex, Inc. (St. Jude Medical)",V-110D,Cadence,VVEV,V-110,,None,IS-1 BI,DF-1 (3 ports),SD & #2,Mono/Biphasic,"Battery Voltage, 5.1 V",,,,,,,,,,,,
"Ventritex, Inc. (St. Jude Medical)",V-110E,Cadence,VVEV,V-110,,None,4.75 mm Bif,DF-1 (2 ports),SD & #2,Mono/Biphasic,"Battery Voltage, 5.1 V",,,,,,,,,,,,
"Ventritex, Inc. (St. Jude Medical)",V-112,Cadence,VVEV,V-112,,None,VS-1 BI,5 mm (2 ports),SD & #2,Mono/Biphasic,"Battery Voltage, 5.1 V",,,,,,,,,,,,
"Ventritex, Inc. (St. Jude Medical)",V-112B,Cadence,VVEV,V-112,,None,4.75 mm Bif,5 mm (2 ports),SD & #2,Mono/Biphasic,"Battery Voltage, 5.1 V",,,,,,,,,,,,
"Ventritex, Inc. (St. Jude Medical)",V-112C,Cadence,VVEV,V-112,,None,4.75 mm Bif,6.1 mm (2 ports),SD & #2,Mono/Biphasic,"Battery Voltage, 5.1 V",,,,,,,,,,,,
"Ventritex, Inc. (St. Jude Medical)",V-112D,Cadence,VVEV,V-112,,None,IS-1 BI,DF-1 (3 ports),SD & #2,Mono/Biphasic,"Battery Voltage, 5.1 V",,,,,,,,,,,,
"Ventritex, Inc. (St. Jude Medical)",V-112E,Cadence,VVEV,V-112,,None,4.75 mm Bif,DF-1 (2 ports),SD & #2,Mono/Biphasic,"Battery Voltage, 5.1 V",,,,,,,,,,,,
"Ventritex, Inc. (St. Jude Medical)",V-115,Cadet,VVEV,V-115,,None,VS-1 BI,5 mm (2 ports),SD,Mono/Biphasic,"Battery Voltage, 2.55 V",,,,,,,,,,,,
"Ventritex, Inc. (St. Jude Medical)",V-115AC,Cadet,VVEV,V-115,,None,IS-1 BI,DF-1 (2 ports),SD,Mono/Biphasic,"Battery Voltage, 2.55 V",,,,,,,,,,,,
"Ventritex, Inc. (St. Jude Medical)",V-115B,Cadet,VVEV,V-115,,None,4.75 mm Bif,5 mm (2 ports),SD,Mono/Biphasic,"Battery Voltage, 2.55 V",,,,,,,,,,,,
"Ventritex, Inc. (St. Jude Medical)",V-115C,Cadet,VVEV,V-115,,None,4.75 mm Bif,6.1 mm (2 ports),SD,Mono/Biphasic,"Battery Voltage, 2.55 V",,,,,,,,,,,,
"Ventritex, Inc. (St. Jude Medical)",V-115D,Cadet,VVEV,V-115,,None,IS-1 BI,DF-1 (3 ports),SD,Mono/Biphasic,"Battery Voltage, 2.55 V",,,,,,,,,,,,
"Ventritex, Inc. (St. Jude Medical)",V-135,Contour LT,VVEV,V-135,,None,VS-1 BI,5 mm (2 ports),#2,Mono/Biphasic,Battery Voltage ? 2.55 V,,,,,,,,,,,,
"Ventritex, Inc. (St. Jude Medical)",V-135AC,Contour,VOEV,V-135,,None,IS-1 BI,DF-1 (2 ports),#2,Mono/Biphasic,"Battery Voltage, 2.55 V",,,,,,,,,,,,
"Ventritex, Inc. (St. Jude Medical)",V-135B,Contour LT,VVEV,V-135,,None,4.75 mm Bif,5 mm (2 ports),#2,Mono/Biphasic,Battery Voltage ? 2.55 V,,,,,,,,,,,,
"Ventritex, Inc. (St. Jude Medical)",V-135C,Contour LT,VVEV,V-135,,None,4.75 mm Bif,6.1 mm (2 ports),#2,Mono/Biphasic,Battery Voltage ? 2.55 V,,,,,,,,,,,,
"Ventritex, Inc. (St. Jude Medical)",V-135D,Contour,VOEV,V-135,,None,IS-1 BI,DF-1 (3 ports),#2,Mono/Biphasic,"Battery Voltage, 2.55 V",,,,,,,,,,,,
"Ventritex, Inc. (St. Jude Medical)",V-145,Contour,VVEV,V-145,,None,VS-1 BI,5 mm (2 ports),#2,Mono/Biphasic,"Battery Voltage, 2.55 V",,,,,,,,,,,,
"Ventritex, Inc. (St. Jude Medical)",V-145AC,Contour,VVEV,V-145,,None,IS-1 BI,DF-1 (2 ports),#2,Mono/Biphasic,"Battery Voltage, 2.55 V",,,,,,,,,,,,
"Ventritex, Inc. (St. Jude Medical)",V-145B,Contour,VVEV,V-145,,None,4.75 mm Bif,5 mm (2 ports),#2,Mono/Biphasic,"Battery Voltage, 2.55 V",,,,,,,,,,,,
"Ventritex, Inc. (St. Jude Medical)",V-145C,Contour,VVEV,V-145,,None,4.75 mm Bif,6.1 mm (2 ports),#2,Mono/Biphasic,"Battery Voltage, 2.55 V",,,,,,,,,,,,
"Ventritex, Inc. (St. Jude Medical)",V-145D,Contour,VVEV,V-145,,None,IS-1 BI,DF-1 (3 ports),#2,Mono/Biphasic,"Battery Voltage, 2.55 V",,,,,,,,,,,,
"Ventritex, Inc. (St. Jude Medical)",V-175,Contour MD,VVEV,V-175,,None,VS-1 BI,5 mm (2 ports),#2,Mono/Biphasic,"Battery Voltage, 2.55 V",,,,,,,,,,,,
"Ventritex, Inc. (St. Jude Medical)",V-175AC,Contour MD,VVEV,V-175AC,,None,IS-1 BI,DF-1 (2 ports),#2,Mono/Biphasic,"Battery Voltage, 2.55 V",,,,,,,,,,,,
"Ventritex, Inc. (St. Jude Medical)",V-175B,Contour MD,VVEV,V-175,,None,4.75 mm Bif,5 mm (2 ports),#2,Mono/Biphasic,"Battery Voltage, 2.55 V",,,,,,,,,,,,
"Ventritex, Inc. (St. Jude Medical)",V-175C,Contour MD,VVEV,V-175,,None,4.75 mm Bif,6.1 mm (2 ports),#2,Mono/Biphasic,"Battery Voltage, 2.55 V",,,,,,,,,,,,
"Ventritex, Inc. (St. Jude Medical)",V-175D,Contour MD,VVEV,V-175,,None,IS-1 BI,DF-1 (3 ports),#2,Mono/Biphasic,"Battery Voltage, 2.55 V",,,,,,,,,,,,
"Ventritex, Inc. (St. Jude Medical)",V-180F,Angstrom II,VVEV,V-180,None,IS-1 BI,DF-1 (2 ports),#2,Mono/Biphasic,"Battery Voltage, 2.55 V",,,,,,,,,,,,,
"Ventritex, Inc. (St. Jude Medical)",V-180HV3,Angstrom II,VVEV,V-180HV3,None,IS-1 BI,DF-1 (2 ports),#2,Mono/Biphasic,"Battery Voltage, 2.55 V",,,,,,,,,,,,,
"Ventritex, Inc. (St. Jude Medical)",V-185,Contour II,VVEV,V-185,None,VS-1 BI,5 mm (2 ports),#2,Mono/Biphasic,"Battery Voltage, 2.55 V",,,,,,,,,,,,,
"Ventritex, Inc. (St. Jude Medical)",V-185AC,Contour II,VVEV,V-185AC,None,IS-1 BI,DF-1 (2 ports),#2,Mono/Biphasic,"Battery Voltage, 2.55 V",,,,,,,,,,,,,
"Ventritex, Inc. (St. Jude Medical)",V-185B,Contour II,VVEV,V-185,None,4.75 mm Bif,5 mm (2 ports),#2,Mono/Biphasic,"Battery Voltage, 2.55 V",,,,,,,,,,,,,
"Ventritex, Inc. (St. Jude Medical)",V-185C,Contour II,VVEV,V-185,None,4.75 mm Bif,6.1 mm (2 ports),#2,Mono/Biphasic,"Battery Voltage, 2.55 V",,,,,,,,,,,,,
"Ventritex, Inc. (St. Jude Medical)",V-185D,Contour II,VVEV,V-185,None,IS-1 BI,DF-1 (3 ports),#2,Mono/Biphasic,"Battery Voltage, 2.55 V",,,,,,,,,,,,,
"Ventritex, Inc. (St. Jude Medical)",V-186F,Profile MD,VVEV,V-186,None,IS-1 BI,DF-1 (2 ports),#2,Biphasic,"Battery Voltage, 2.55 V",,,,,,,,,,,,,
"Ventritex, Inc. (St. Jude Medical)",V-186HV3,Profile MD,VVEV,V-186HV3,None,IS-1 BI,DF-1 (2 ports),#2,Biphasic,"Battery Voltage, 2.55 V",,,,,,,,,,,,,
"Ventritex, Inc. (St. Jude Medical)",V-190F,Angstrom MD,VVEV,V-190,None,IS-1 BI,DF-1 (2 ports),#2,Mono/Biphasic,"Battery Voltage, 2.55 V",,,,,,,,,,,,,
"Ventritex, Inc. (St. Jude Medical)",V-190HV3,Angstrom MD,VVEV,V-190HV3,None,IS-1 BI,DF-1 (2 ports),#2,Mono/Biphasic,"Battery Voltage, 2.55 V",,,,,,,,,,,,,
